<tokens>
    <keyword> class </keyword>
    <identifier> SquareGame </identifier>
    <symbol> { </symbol>
    <keyword> field </keyword>
    <identifier> Square </identifier>
    <identifier> square </identifier>
    <symbol> ; </symbol>
    <keyword> field </keyword>
    <keyword> int </keyword>
    <identifier> direction </identifier>
    <symbol> ; </symbol>
    <keyword> constructor </keyword>
    <identifier> SquareGame </identifier>
    <identifier> new </identifier>
    <symbol> ( </symbol>
    <symbol> ) </symbol>
    <symbol> { </symbol>
    <keyword> let </keyword>
    <identifier> square </identifier>
    <symbol> = </symbol>
    <identifier> square </identifier>
    <symbol> ; </symbol>
    <keyword> let </keyword>
    <identifier> direction </identifier>
    <symbol> = </symbol>
    <identifier> direction </identifier>
    <symbol> ; </symbol>
    <keyword> return </keyword>
    <identifier> square </identifier>
    <symbol> ; </symbol>
    <symbol> } </symbol>
    <keyword> method </keyword>
    <keyword> void </keyword>
    <identifier> dispose </identifier>
    <symbol> ( </symbol>
    <symbol> ) </symbol>
    <symbol> { </symbol>
    <keyword> do </keyword>
    <identifier> square </identifier>
    <symbol> . </symbol>
    <identifier> dispose </identifier>
    <symbol> ( </symbol>
    <symbol> ) </symbol>
    <symbol> ; </symbol>
    <keyword> do </keyword>
    <identifier> Memory </identifier>
    <symbol> . </symbol>
    <identifier> deAlloc </identifier>
    <symbol> ( </symbol>
    <identifier> square </identifier>
    <symbol> ) </symbol>
    <symbol> ; </symbol>
    <keyword> return </keyword>
    <symbol> ; </symbol>
    <symbol> } </symbol>
    <keyword> method </keyword>
    <keyword> void </keyword>
    <identifier> moveSquare </identifier>
    <symbol> ( </symbol>
    <symbol> ) </symbol>
    <symbol> { </symbol>
    <keyword> if </keyword>
    <symbol> ( </symbol>
    <identifier> direction </identifier>
    <symbol> ) </symbol>
    <symbol> { </symbol>
    <keyword> do </keyword>
    <identifier> square </identifier>
    <symbol> . </symbol>
    <identifier> moveUp </identifier>
    <symbol> ( </symbol>
    <symbol> ) </symbol>
    <symbol> ; </symbol>
    <symbol> } </symbol>
    <keyword> if </keyword>
    <symbol> ( </symbol>
    <identifier> direction </identifier>
    <symbol> ) </symbol>
    <symbol> { </symbol>
    <keyword> do </keyword>
    <identifier> square </identifier>
    <symbol> . </symbol>
    <identifier> moveDown </identifier>
    <symbol> ( </symbol>
    <symbol> ) </symbol>
    <symbol> ; </symbol>
    <symbol> } </symbol>
    <keyword> if </keyword>
    <symbol> ( </symbol>
    <identifier> direction </identifier>
    <symbol> ) </symbol>
    <symbol> { </symbol>
    <keyword> do </keyword>
    <identifier> square </identifier>
    <symbol> . </symbol>
    <identifier> moveLeft </identifier>
    <symbol> ( </symbol>
    <symbol> ) </symbol>
    <symbol> ; </symbol>
    <symbol> } </symbol>
    <keyword> if </keyword>
    <symbol> ( </symbol>
    <identifier> direction </identifier>
    <symbol> ) </symbol>
    <symbol> { </symbol>
    <keyword> do </keyword>
    <identifier> square </identifier>
    <symbol> . </symbol>
    <identifier> moveRight </identifier>
    <symbol> ( </symbol>
    <symbol> ) </symbol>
    <symbol> ; </symbol>
    <symbol> } </symbol>
    <keyword> do </keyword>
    <identifier> Sys </identifier>
    <symbol> . </symbol>
    <identifier> wait </identifier>
    <symbol> ( </symbol>
    <identifier> direction </identifier>
    <symbol> ) </symbol>
    <symbol> ; </symbol>
    <keyword> return </keyword>
    <symbol> ; </symbol>
    <symbol> } </symbol>
    <keyword> method </keyword>
    <keyword> void </keyword>
    <identifier> run </identifier>
    <symbol> ( </symbol>
    <symbol> ) </symbol>
    <symbol> { </symbol>
    <keyword> var </keyword>
    <keyword> char </keyword>
    <identifier> key </identifier>
    <symbol> ; </symbol>
    <keyword> var </keyword>
    <keyword> boolean </keyword>
    <identifier> exit </identifier>
    <symbol> ; </symbol>
    <keyword> let </keyword>
    <identifier> exit </identifier>
    <symbol> = </symbol>
    <identifier> key </identifier>
    <symbol> ; </symbol>
    <keyword> while </keyword>
    <symbol> ( </symbol>
    <identifier> exit </identifier>
    <symbol> ) </symbol>
    <symbol> { </symbol>
    <keyword> while </keyword>
    <symbol> ( </symbol>
    <identifier> key </identifier>
    <symbol> ) </symbol>
    <symbol> { </symbol>
    <keyword> let </keyword>
    <identifier> key </identifier>
    <symbol> = </symbol>
    <identifier> key </identifier>
    <symbol> ; </symbol>
    <keyword> do </keyword>
    <identifier> moveSquare </identifier>
    <symbol> ( </symbol>
    <symbol> ) </symbol>
    <symbol> ; </symbol>
    <symbol> } </symbol>
    <keyword> if </keyword>
    <symbol> ( </symbol>
    <identifier> key </identifier>
    <symbol> ) </symbol>
    <symbol> { </symbol>
    <keyword> let </keyword>
    <identifier> exit </identifier>
    <symbol> = </symbol>
    <identifier> exit </identifier>
    <symbol> ; </symbol>
    <symbol> } </symbol>
    <keyword> if </keyword>
    <symbol> ( </symbol>
    <identifier> key </identifier>
    <symbol> ) </symbol>
    <symbol> { </symbol>
    <keyword> do </keyword>
    <identifier> square </identifier>
    <symbol> . </symbol>
    <identifier> decSize </identifier>
    <symbol> ( </symbol>
    <symbol> ) </symbol>
    <symbol> ; </symbol>
    <symbol> } </symbol>
    <keyword> if </keyword>
    <symbol> ( </symbol>
    <identifier> key </identifier>
    <symbol> ) </symbol>
    <symbol> { </symbol>
    <keyword> do </keyword>
    <identifier> square </identifier>
    <symbol> . </symbol>
    <identifier> incSize </identifier>
    <symbol> ( </symbol>
    <symbol> ) </symbol>
    <symbol> ; </symbol>
    <symbol> } </symbol>
    <keyword> if </keyword>
    <symbol> ( </symbol>
    <identifier> key </identifier>
    <symbol> ) </symbol>
    <symbol> { </symbol>
    <keyword> let </keyword>
    <identifier> direction </identifier>
    <symbol> = </symbol>
    <identifier> exit </identifier>
    <symbol> ; </symbol>
    <symbol> } </symbol>
    <keyword> if </keyword>
    <symbol> ( </symbol>
    <identifier> key </identifier>
    <symbol> ) </symbol>
    <symbol> { </symbol>
    <keyword> let </keyword>
    <identifier> direction </identifier>
    <symbol> = </symbol>
    <identifier> key </identifier>
    <symbol> ; </symbol>
    <symbol> } </symbol>
    <keyword> if </keyword>
    <symbol> ( </symbol>
    <identifier> key </identifier>
    <symbol> ) </symbol>
    <symbol> { </symbol>
    <keyword> let </keyword>
    <identifier> direction </identifier>
    <symbol> = </symbol>
    <identifier> square </identifier>
    <symbol> ; </symbol>
    <symbol> } </symbol>
    <keyword> if </keyword>
    <symbol> ( </symbol>
    <identifier> key </identifier>
    <symbol> ) </symbol>
    <symbol> { </symbol>
    <keyword> let </keyword>
    <identifier> direction </identifier>
    <symbol> = </symbol>
    <identifier> direction </identifier>
    <symbol> ; </symbol>
    <symbol> } </symbol>
    <keyword> while </keyword>
    <symbol> ( </symbol>
    <identifier> key </identifier>
    <symbol> ) </symbol>
    <symbol> { </symbol>
    <keyword> let </keyword>
    <identifier> key </identifier>
    <symbol> = </symbol>
    <identifier> key </identifier>
    <symbol> ; </symbol>
    <keyword> do </keyword>
    <identifier> moveSquare </identifier>
    <symbol> ( </symbol>
    <symbol> ) </symbol>
    <symbol> ; </symbol>
    <symbol> } </symbol>
    <symbol> } </symbol>
    <keyword> return </keyword>
    <symbol> ; </symbol>
    <symbol> } </symbol>
    <symbol> } </symbol>
</tokens>
